Customer_ID,Name,Address,Mobile_Number,Email,Account_Balance,PAN_Number,Aadhaar_Number
1,Alice Brown,"Alwar, Rajasthan, India",4752943892,alice.brown@example.com,9889.31,ZOBSU48543,421567118631
2,Alice Brown,"Jaisalmer, Rajasthan, India",8342371401,alice.brown@example.com,12387.3,WENAB39368,839425128830
3,Charlie Smith,"Jaipur, Rajasthan, India",8571851438,charlie.smith@example.com,22031.32,VSLHH34237,637004545190
4,John Williams,"Bikaner, Rajasthan, India",7326448586,john.williams@example.com,7566.15,MXBRD05636,432122719135
5,Jane Williams,"Jaisalmer, Rajasthan, India",8518354024,jane.williams@example.com,15727.28,JRVGZ09523,514393043089
6,Bob Doe,"Bikaner, Rajasthan, India",4280428314,bob.doe@example.com,48938.96,EVEGX96508,865416142542
7,John Doe,"Ajmer, Rajasthan, India",1027279097,john.doe@example.com,38310.25,QGWFX20772,571638119087
8,Bob Smith,"Alwar, Rajasthan, India",4242091844,bob.smith@example.com,46496.03,LPIVH05654,361696350851
9,Alice Johnson,"Jaipur, Rajasthan, India",0526319833,alice.johnson@example.com,4105.96,OZOEO91251,617563668483
10,Jane Doe,"Ajmer, Rajasthan, India",0888664487,jane.doe@example.com,15167.84,XPBGT04991,152207761255
11,Jane Brown,"Jodhpur, Rajasthan, India",3098178594,jane.brown@example.com,5120.51,LBYOD19600,624652115636
12,Charlie Johnson,"Jodhpur, Rajasthan, India",2628786987,charlie.johnson@example.com,14617.66,VQOIU65993,415310724903
13,John Doe,"Ajmer, Rajasthan, India",3220178015,john.doe@example.com,36620.67,FIKMS63802,941856013661
14,Bob Brown,"Kota, Rajasthan, India",8562624282,bob.brown@example.com,37302.22,WWNUE73727,887364216570
15,Jane Doe,"Bikaner, Rajasthan, India",9546795349,jane.doe@example.com,13622.3,BFAUS46606,023086236667
16,Jane Doe,"Bikaner, Rajasthan, India",8118779591,jane.doe@example.com,44426.21,ACHYY64953,036210837957
17,Bob Smith,"Bikaner, Rajasthan, India",3274683261,bob.smith@example.com,14628.88,RCVFI70411,464992604961
18,Jane Smith,"Kota, Rajasthan, India",3335875274,jane.smith@example.com,17352.24,PWFDS41111,990139058167
19,Alice Smith,"Sikar, Rajasthan, India",3888168270,alice.smith@example.com,49375.43,YGOJG71504,255214878988
20,John Williams,"Udaipur, Rajasthan, India",7410827121,john.williams@example.com,34193.15,APXWU24064,813961029842
21,Bob Johnson,"Udaipur, Rajasthan, India",5463271216,bob.johnson@example.com,39711.28,LIMOJ71271,696803140109
22,Alice Doe,"Udaipur, Rajasthan, India",3225489255,alice.doe@example.com,17454.06,WQPKM27713,975194008081
23,Charlie Smith,"Ajmer, Rajasthan, India",9840015949,charlie.smith@example.com,14309.86,XZAHK82393,391150269611
24,Alice Brown,"Jodhpur, Rajasthan, India",9193057745,alice.brown@example.com,5024.28,JPPRA85625,907124025815
25,John Brown,"Sikar, Rajasthan, India",4897117336,john.brown@example.com,14005.12,GXCAB67220,911232244133
26,Charlie Johnson,"Jaipur, Rajasthan, India",9052491341,charlie.johnson@example.com,31492.48,LMKAD55479,569585016083
27,Bob Williams,"Sikar, Rajasthan, India",8108279518,bob.williams@example.com,13083.7,ZRYEH41752,705489313688
28,John Johnson,"Kota, Rajasthan, India",6031787332,john.johnson@example.com,29223.44,XFKBJ12732,930930582581
29,John Williams,"Udaipur, Rajasthan, India",9217598060,john.williams@example.com,9626.27,JTXNS58746,502740955611
30,Alice Johnson,"Udaipur, Rajasthan, India",6382368710,alice.johnson@example.com,4164.15,GBFVT31187,723405215766
31,Charlie Doe,"Bikaner, Rajasthan, India",4829054273,charlie.doe@example.com,38687.9,ATGVA60633,009175698790
32,Jane Johnson,"Kota, Rajasthan, India",2158880943,jane.johnson@example.com,18843.45,KUNDQ57894,385704357412
33,Bob Smith,"Jaisalmer, Rajasthan, India",8938983681,bob.smith@example.com,29016.36,YTMQN02320,893923258928
34,John Brown,"Alwar, Rajasthan, India",0209299878,john.brown@example.com,49544.45,JKNCV57393,017840306550
35,Jane Johnson,"Ajmer, Rajasthan, India",6127909006,jane.johnson@example.com,35163.78,DGGQA68005,044236730290
36,Charlie Brown,"Kota, Rajasthan, India",1199563208,charlie.brown@example.com,15855.29,RWQSN89547,222616077157
37,John Brown,"Ajmer, Rajasthan, India",9482902556,john.brown@example.com,4543.08,GITDK13384,958947721898
38,Bob Williams,"Kota, Rajasthan, India",3752016465,bob.williams@example.com,1396.31,EZZLP47092,451839273675
39,Bob Brown,"Alwar, Rajasthan, India",6862790434,bob.brown@example.com,27546.03,XDHQM76197,612618990303
40,John Brown,"Udaipur, Rajasthan, India",1766465226,john.brown@example.com,1181.17,GXRTW15468,713659943828
41,Charlie Johnson,"Bikaner, Rajasthan, India",9485719719,charlie.johnson@example.com,9772.92,YKFGO17970,512849592431
42,Bob Brown,"Ajmer, Rajasthan, India",5517637724,bob.brown@example.com,7197.05,NQCZM98755,385794480825
43,John Williams,"Alwar, Rajasthan, India",2126268032,john.williams@example.com,42234.84,BULIW35550,457348977711
44,Bob Williams,"Kota, Rajasthan, India",6513283356,bob.williams@example.com,4137.18,OZTNP02439,804587896913
45,Jane Brown,"Kota, Rajasthan, India",8400049416,jane.brown@example.com,38612.85,HXEPD21222,854389636279
46,Alice Doe,"Jaipur, Rajasthan, India",3207218678,alice.doe@example.com,46922.42,UCNQN95562,515296261655
47,Bob Smith,"Alwar, Rajasthan, India",9108673034,bob.smith@example.com,33685.23,XBRKD39110,622430299538
48,Jane Johnson,"Udaipur, Rajasthan, India",9242397807,jane.johnson@example.com,31574.57,DABWA82708,841375116337
49,John Smith,"Bikaner, Rajasthan, India",4559932293,john.smith@example.com,40193.13,YRVHR02206,630984176709
50,Charlie Brown,"Sikar, Rajasthan, India",1752991281,charlie.brown@example.com,14765.53,GPENZ04665,934921893857
51,Charlie Johnson,"Kota, Rajasthan, India",4204708011,charlie.johnson@example.com,39986.36,HSPHF34283,783423613833
52,Charlie Doe,"Bikaner, Rajasthan, India",5858533557,charlie.doe@example.com,45956.48,HGMNB82915,021941134618
53,Jane Johnson,"Ajmer, Rajasthan, India",2032209454,jane.johnson@example.com,40677.49,BKVRT12502,624880095200
54,John Brown,"Alwar, Rajasthan, India",8531682297,john.brown@example.com,11746.05,HUBUI01370,677955349069
55,Jane Johnson,"Alwar, Rajasthan, India",4093483561,jane.johnson@example.com,3042.44,LAFIY74330,302164767317
56,Charlie Brown,"Udaipur, Rajasthan, India",7937014129,charlie.brown@example.com,41048.95,GSQSI91299,561749394912
57,Bob Smith,"Ajmer, Rajasthan, India",0246924842,bob.smith@example.com,31673.57,JJRZM66089,212017118552
58,Alice Brown,"Jaisalmer, Rajasthan, India",4422274224,alice.brown@example.com,24749.49,AHQOL17035,696211647087
59,Bob Johnson,"Udaipur, Rajasthan, India",4456831412,bob.johnson@example.com,8291.77,OSLGC67525,403391703381
60,John Smith,"Bikaner, Rajasthan, India",8158726154,john.smith@example.com,35592.2,BHHJM59656,845890280285
61,Jane Brown,"Jaisalmer, Rajasthan, India",6430773559,jane.brown@example.com,30131.53,JJWUH93213,319745034752
62,Jane Brown,"Jodhpur, Rajasthan, India",6078029712,jane.brown@example.com,39311.68,NZKYK95213,092263349544
63,John Johnson,"Alwar, Rajasthan, India",4830533620,john.johnson@example.com,17224.97,GISDH07518,137948060083
64,Jane Johnson,"Sikar, Rajasthan, India",2801516683,jane.johnson@example.com,12277.31,CPOOT11494,500814836250
65,John Doe,"Alwar, Rajasthan, India",3375391400,john.doe@example.com,14257.93,JWZFV42849,490958699936
66,John Johnson,"Kota, Rajasthan, India",1083204239,john.johnson@example.com,5411.41,OCIHA00593,761875623848
67,Jane Williams,"Bikaner, Rajasthan, India",7439092966,jane.williams@example.com,16378.38,IHYGE33718,906228630242
68,Jane Brown,"Kota, Rajasthan, India",7529064477,jane.brown@example.com,29229.06,RCTTQ07789,332186981064
69,John Brown,"Ajmer, Rajasthan, India",4746956403,john.brown@example.com,23719.16,APTQW42812,683583548943
70,Charlie Williams,"Jaipur, Rajasthan, India",4390994887,charlie.williams@example.com,22922.94,IGVFO24138,469984998017
71,Bob Johnson,"Bikaner, Rajasthan, India",2187776355,bob.johnson@example.com,34401.38,FDEUW52848,493514871032
72,Jane Williams,"Bikaner, Rajasthan, India",5831777325,jane.williams@example.com,32497.73,FNDHO11273,126530097175
73,Charlie Johnson,"Bikaner, Rajasthan, India",0146105810,charlie.johnson@example.com,10390.01,VUMJB54497,558898976858
74,Alice Smith,"Udaipur, Rajasthan, India",4623846741,alice.smith@example.com,22310.7,EAIQL54460,074726141817
75,Alice Johnson,"Jaisalmer, Rajasthan, India",1122221621,alice.johnson@example.com,42536.64,XDWEY80275,101207702098
76,Charlie Brown,"Ajmer, Rajasthan, India",2977370124,charlie.brown@example.com,34762.44,FXTGJ21054,576115406145
77,Jane Smith,"Jaisalmer, Rajasthan, India",3161228176,jane.smith@example.com,31581.61,OJUVK52765,572515679520
78,Alice Doe,"Alwar, Rajasthan, India",2545942569,alice.doe@example.com,2369.25,AAOXS67820,987558119778
79,Bob Johnson,"Alwar, Rajasthan, India",0163186666,bob.johnson@example.com,23709.95,HXGJE32332,923471038246
80,Charlie Smith,"Jaipur, Rajasthan, India",3869941914,charlie.smith@example.com,17583.29,AEDMO43000,904752246184
81,John Johnson,"Kota, Rajasthan, India",0265082843,john.johnson@example.com,5600.76,EIFZF41798,999483112471
82,Bob Williams,"Jaisalmer, Rajasthan, India",1290597016,bob.williams@example.com,35687.86,SZPWT37513,999438546103
83,Charlie Williams,"Jaipur, Rajasthan, India",2386752473,charlie.williams@example.com,40530.97,SZJEX42621,976850919435
84,John Doe,"Jaisalmer, Rajasthan, India",9718903515,john.doe@example.com,23295.32,DODIG59631,262937954592
85,Charlie Johnson,"Sikar, Rajasthan, India",9914828023,charlie.johnson@example.com,8758.55,RKGAF33896,402956623295
86,Alice Doe,"Udaipur, Rajasthan, India",5095316958,alice.doe@example.com,25111.76,MBGRN32505,885806390720
87,Alice Johnson,"Kota, Rajasthan, India",2692949782,alice.johnson@example.com,49522.93,KDXFJ95132,148475263539
88,Alice Doe,"Bikaner, Rajasthan, India",9793028638,alice.doe@example.com,3709.93,CSFVM68321,332976299426
89,Alice Williams,"Sikar, Rajasthan, India",8721481840,alice.williams@example.com,23251.27,YJTYH56734,542669661140
90,Charlie Doe,"Jodhpur, Rajasthan, India",5971703784,charlie.doe@example.com,2563.89,HDTGL76319,121666663784
91,John Brown,"Alwar, Rajasthan, India",0166548652,john.brown@example.com,9375.79,LNBEY64122,065786678318
92,Bob Smith,"Sikar, Rajasthan, India",7053415463,bob.smith@example.com,1777.04,OVAQO96487,944925041366
93,Alice Williams,"Bikaner, Rajasthan, India",9918686600,alice.williams@example.com,17544.93,NXJBR60593,529387736811
94,Jane Smith,"Kota, Rajasthan, India",1628480650,jane.smith@example.com,21024.6,FYIDQ83545,324707789054
95,Bob Smith,"Kota, Rajasthan, India",9201219971,bob.smith@example.com,3702.97,GRUXL33535,910441476475
96,Charlie Smith,"Alwar, Rajasthan, India",0068431544,charlie.smith@example.com,1373.42,LXCPQ52917,932238626994
97,Charlie Brown,"Jaisalmer, Rajasthan, India",2665993985,charlie.brown@example.com,48739.71,MUMYZ08177,130410477720
98,John Johnson,"Jodhpur, Rajasthan, India",8236986670,john.johnson@example.com,3239.91,VLLUK27124,797070812658
99,John Smith,"Jaisalmer, Rajasthan, India",1708173167,john.smith@example.com,13522.79,ZIWGT42778,260664140497
100,John Brown,"Bikaner, Rajasthan, India",1036652982,john.brown@example.com,6064.18,AKYWB40718,529277459164
